-- phpMyAdmin SQL Dump
-- version 4.9.0.1
-- https://www.phpmyadmin.net/
--
-- Host: 127.0.0.1
-- Generation Time: Aug 01, 2020 at 06:35 AM
-- Server version: 10.3.15-MariaDB
-- PHP Version: 7.1.30

SET SQL_MODE = "NO_AUTO_VALUE_ON_ZERO";
SET AUTOCOMMIT = 0;
START TRANSACTION;
SET time_zone = "+00:00";


/*!40101 SET @OLD_CHARACTER_SET_CLIENT=@@CHARACTER_SET_CLIENT */;
/*!40101 SET @OLD_CHARACTER_SET_RESULTS=@@CHARACTER_SET_RESULTS */;
/*!40101 SET @OLD_COLLATION_CONNECTION=@@COLLATION_CONNECTION */;
/*!40101 SET NAMES utf8mb4 */;

--
-- Database: `ql_ban_do_noi_that`
--

-- --------------------------------------------------------

--
-- Table structure for table `account`
--

CREATE TABLE `account` (
  `id` int(11) NOT NULL,
  `name` varchar(255) NOT NULL,
  `email` varchar(255) NOT NULL,
  `password` varchar(255) NOT NULL,
  `created_at` timestamp NOT NULL DEFAULT current_timestamp(),
  `updated_at` timestamp NOT NULL DEFAULT current_timestamp() ON UPDATE current_timestamp()
) ENGINE=InnoDB DEFAULT CHARSET=utf8;

--
-- Dumping data for table `account`
--

INSERT INTO `account` (`id`, `name`, `email`, `password`, `created_at`, `updated_at`) VALUES
(6, 'nguyễn quang linh', 'quanglinh@gmail.com', '$2y$10$G6fKvexU.k.cWYxVTusDd.BoJNJoe9ILIS3eG0LWVkT4X46k6EleW', '2020-02-22 08:31:32', '2020-02-22 08:31:32'),
(20, 'Nguyễn Đức Bình', 'ducbinh@gmail.com', '$2y$10$iMqT0q8rT3Qs60HHf7n71ew099UHd3dQUvPxrUEx6i5VkbIDwAEkC', '2020-06-08 20:10:35', '2020-06-08 20:10:35'),
(23, 'a', 'jackma@gmail.com', '$2y$10$7tRCI2W3bz2dBNOJ7Vg42.Ck4HMzwwn6xpiB.p7BA7oTqpodyczA.', '2020-06-14 21:00:06', '2020-06-14 21:00:06');

-- --------------------------------------------------------

--
-- Table structure for table `categories`
--

CREATE TABLE `categories` (
  `id` int(11) NOT NULL,
  `name` varchar(255) NOT NULL,
  `status` tinyint(1) NOT NULL,
  `created_at` datetime NOT NULL DEFAULT current_timestamp(),
  `updated_at` datetime NOT NULL DEFAULT current_timestamp() ON UPDATE current_timestamp(),
  `description` varchar(255) NOT NULL
) ENGINE=InnoDB DEFAULT CHARSET=utf8;

--
-- Dumping data for table `categories`
--

INSERT INTO `categories` (`id`, `name`, `status`, `created_at`, `updated_at`, `description`) VALUES
(1, 'Phòng khách', 1, '2019-09-08 00:00:00', '2020-03-14 00:00:00', 'Decor được dịch theo đúng nghĩa là Trang Trí. Nguồn gốc của nó bắt nguồn từ “decorate” trong tiếng Anh. Hiện nay có rất nhiều nghành nghề ứng dụng Decor để nâng giá trị thẩm mỹ sản phẩm.'),
(2, 'Phòng ăn', 1, '2019-09-08 00:00:00', '2020-03-14 00:00:00', 'Vật liệu trang trí không những chỉ giúp cho việc bảo vệ mà nó còn có tác dụng tạo vẻ đẹp cho căn phòng.'),
(22, 'Phòng ngủ', 1, '2020-02-24 00:00:00', '2020-06-15 00:00:00', 'tủ để quần áo'),
(24, 'Phòng làm việc', 1, '2020-02-25 00:00:00', '2020-03-14 00:00:00', 'Đồ gỗ nội thất là một phạm trù để sử dụng để kể về những sản phẩm đồ dùng được sử dụng phục vụ cho cuộc sống gia đình với chất liệu bằng gỗ.'),
(31, 'Tủ bếp', 1, '2020-05-19 00:00:00', '2020-06-16 00:00:00', ''),
(38, 'Phòng vệ sinh', 0, '2020-06-15 00:00:00', '2020-06-15 00:00:00', ''),
(39, 'Hàng trang trí', 1, '2020-06-15 00:00:00', '2020-06-15 00:00:00', ''),
(42, 'nguyễn quang linh', 1, '2020-06-21 13:56:26', '2020-06-21 13:56:32', 'abcd'),
(43, 'test', 1, '2020-06-22 07:19:41', '2020-06-22 07:21:21', 'abc');

-- --------------------------------------------------------

--
-- Table structure for table `comment`
--

CREATE TABLE `comment` (
  `id` int(11) NOT NULL,
  `id_product` int(11) NOT NULL,
  `id_customer` int(11) NOT NULL,
  `content` text NOT NULL,
  `created_at` timestamp NOT NULL DEFAULT current_timestamp(),
  `updated_at` timestamp NOT NULL DEFAULT current_timestamp()
) ENGINE=InnoDB DEFAULT CHARSET=utf8;

--
-- Dumping data for table `comment`
--

INSERT INTO `comment` (`id`, `id_product`, `id_customer`, `content`, `created_at`, `updated_at`) VALUES
(4, 27, 59, 'd', '2020-05-28 09:53:30', '2020-05-28 09:53:30'),
(5, 29, 60, 'my first time', '2020-05-28 19:24:11', '2020-05-28 19:24:11'),
(6, 25, 59, 'sản phẩm rất chất lượng', '2020-05-31 20:10:58', '2020-05-31 20:10:58'),
(7, 25, 59, 'tôi sẽ quay lại của hàng để mua', '2020-05-31 20:11:38', '2020-05-31 20:11:38'),
(12, 116, 59, 'cho mình hỏi cửa hàng còn sản phẩm không ạ?', '2020-06-25 21:43:42', '2020-06-25 21:43:42'),
(13, 116, 59, 'đã có ai mua bàn làm việc pio này chưa, cho mình xin chút review ạ', '2020-06-25 21:44:53', '2020-06-25 21:44:53'),
(14, 117, 59, 'do là gỗ ép nên nhanh hỏng', '2020-06-25 21:52:04', '2020-06-25 21:52:04');

-- --------------------------------------------------------

--
-- Table structure for table `customers`
--

CREATE TABLE `customers` (
  `id` int(11) NOT NULL,
  `name` varchar(255) NOT NULL,
  `email` varchar(255) NOT NULL,
  `password` varchar(255) NOT NULL,
  `phone_number` varchar(11) NOT NULL,
  `address` varchar(255) NOT NULL,
  `created_at` timestamp NOT NULL DEFAULT current_timestamp(),
  `updated_at` timestamp NOT NULL DEFAULT current_timestamp()
) ENGINE=InnoDB DEFAULT CHARSET=utf8;

--
-- Dumping data for table `customers`
--

INSERT INTO `customers` (`id`, `name`, `email`, `password`, `phone_number`, `address`, `created_at`, `updated_at`) VALUES
(59, 'linh xoan', 'quanglinh20598@gmail.com', '$2y$10$ImdmFj3EVh28PaU/hEe.6e/WPzjNdK7E0a4Iuzdc5WWK6buxsC6i.', '0388176396', 'sai son, quoc oai, ha noi', '2020-03-31 01:06:16', '2020-03-31 01:06:16'),
(60, 'quang hung', 'quanghung@gmail.com', '$2y$10$4QY1Knx0ApvAw53UxFiiTOTid/cKkKj44AwgfMh6Oe9cdwb5HDqfG', '12345678', 'a', '2020-05-13 10:19:17', '2020-05-13 10:19:17'),
(61, 'khach hang 1', 'khachhang1@gmail.com', '$2y$10$g8OLN9iabV.k8sZEDwXEdOKkgHLS5RQJOhQBDsF0CvR47zdPMwHPO', '012345678', 'số 26, xóm Đồng, làng phú diễn', '2020-05-28 19:38:17', '2020-05-28 19:38:17'),
(64, 'io', 'tieutieu@gmail.com', '$2y$10$11Jt2DRCajXxItHY3NE7QuXLMxbtzwyToe4qL//o02f7McUJ1LxTK', '123456789', 'số 26, xóm Đồng, làng phú diễn', '2020-07-19 20:52:56', '2020-07-19 20:52:56');

-- --------------------------------------------------------

--
-- Table structure for table `news`
--

CREATE TABLE `news` (
  `id` int(11) NOT NULL,
  `title` varchar(255) NOT NULL,
  `image` varchar(255) NOT NULL,
  `status` tinyint(1) NOT NULL,
  `main_content` text NOT NULL,
  `created_at` timestamp NOT NULL DEFAULT current_timestamp(),
  `updated_at` timestamp NOT NULL DEFAULT current_timestamp()
) ENGINE=InnoDB DEFAULT CHARSET=utf8;

--
-- Dumping data for table `news`
--

INSERT INTO `news` (`id`, `title`, `image`, `status`, `main_content`, `created_at`, `updated_at`) VALUES
(12, 'GỖ SỒI LÀ GÌ?', 'gỗ sồi.jpg', 1, 'Gỗ sồi tên nước ngoài Oak là loại gỗ ngoại nhập thường được nhập khẩu chính ngạch từ Mỹ và các nước châu Âu như Anh, Thụy Điển. Các sản phẩm nội thất được sản xuất từ gỗ sồi luôn tạo cảm giác ngôi nhà hài hòa với ánh sáng tự nhiên, trẻ trung, ấm cúng và hiện đại.Gỗ sồi chiếm diện tích lớn ở các khu rừng phương Tây và đồ nội thất được sản xuất từ gỗ sồi cũng được đánh giá cao. Sồi là một loại gỗ cứng, chúng phát triển ở nhiều nước trên thế giới có khí hậu ôn đới, tập trung nhiều ở 1 số vùng đất ở Mỹ, nên thường được gọi là sồi Mỹ.  Về chủng loại thì Sồi có hai loại đó là gỗ sồi đỏ (red oak) và gỗ sồi trắng (white oak).  Sồi Trắng (White oak) có khối lượng trung bình 769kg/m3, độ cứng 6049N, dát gỗ màu nhạt, tâm gỗ từ nâu nhạt đến nâu sậm. Tâm Sồi Trắng có khả năng kháng sâu mọt tấn công do có hàm lượng tannin (chất dùng để thuộc da) cao. Đa số Sồi Trắng có vân gỗ thẳng, mặt gỗ từ trung bình đến thô với các tia gỗ dài hơn Sồi Đỏ.  Sồi Đỏ (Red oak) có khối lượng trung bình 753 kg/m3, độ cứng 6583N, dát gỗ màu trắng đến nâu nhạt, tâm gỗ màu nâu đỏ hồng. Về đặc tính vật lý, gỗ sồi Đỏ cứng và nặng, khả năng chịu lực xoắn và độ chắc trung bình, độ chịu lực nén cao, dễ uốn cong bằng hơi nước. Như vậy, về độ cứng Sồi Trắng và Sồi Đỏ tương đương nhau. Tuy nhiên, Sồi Trắng (white oak) có độ chống thấm tốt hơn và có đường vân gỗ đa dạng và đẹp hơn, vì vậy gỗ Sồi Trắng được ưa chuộng hơn. Gỗ Sồi khi đưa vào sử dụng phải được xử lý đạt độ ẩm dưới 20%, vì ở mức này, nấm hại gỗ không thể phát triển.', '2020-06-04 09:03:06', '2020-06-04 09:08:00'),
(13, 'GHẾ SOFA LÀ GÌ? NGUỒN GỐC TỪ ĐÂU', 'sofa5.jpg', 1, 'Ghế sofa (hay sô pha) là một món đồ nội thất dành cho hai hay nhiều người cùng ngồi một lúc. Ghế gồm có phần mặt ngồi, tay vịn, tựa lưng được bọc một phần hoặc toàn bộ bằng da hay vải, dưới chỗ ngồi có lò xo và đệm. Do ghế này dài nên ngoài công năng chủ yếu để ngồi thì còn có thể dùng để nằm ngủ.  Ghế sofa thường có khung làm bằng gỗ, thép, nhựa hoặc ván nhiều lớp. Đệm mút được làm bằng foam, lông vũ, vải hoặc kết hợp nhiều vật liệu. Lớp bọc sofa có thể là da mềm, vải nhung hoặc vải lanh.  Các gia đình thường bố trí ghế sofa trong phòng khách, phòng làm việc hoặc phòng sinh hoạt chung. Ghế này cũng phổ biến tại các địa điểm kinh doanh như khách sạn, hành lang văn phòng thương mại, phòng chờ hay quán bar. Sofa là từ mượn của tiếng Anh Anh (còn tiếng Anh Mỹ gọi là couch), gốc là từ tiếng Thổ Nhĩ Kỳ, còn xa hơn nữa là từ tiếng Ả Rập suffah (\"băng ghế\"), chung một gốc gác với từ sippa (\"thảm\") trong tiếng Aram. Trong tiếng Việt còn có từ \"trường kỷ\" (hay \"tràng kỷ\") để chỉ loại ghế dài bày biện trang trọng để tiếp khách, được làm bằng gỗ với những hoa văn chạm trổ công phu, không có lò xo hay đệm như phương Tây.', '2020-06-04 09:07:03', '2020-06-09 02:02:36'),
(14, 'GỖ MÍT LÀ GÌ, VÀ NHỮNG ƯU ĐIỂM CỦA NÓ', 'gỗ mít.jpg', 1, 'Gỗ mít là một loại gỗ từ cây mít. Gỗ này thường được sử dụng rộng rãi trong việc tạc tượng Phật nói riêng và tượng thờ nói chung. Nguyên nhân là vì loại gỗ này chống mối mọt và không chịu nhiều tác động của nước, lại dễ kiếm và không đắt như các loài gỗ quý khác.  Gỗ mít là một loại gỗ có tính chất cơ lý ổn định,không cong vênh, ít bị mối mọt. Gỗ có màu vàng sáng, để lâu ngả thành màu đỏ sẫm. Gỗ mít có mùi thơm nhẹ, mềm, dẻo. Gỗ mít được dùng rộng rãi trong đời sống như làm tượng Phật, đồ thủ công mỹ nghệ, các sản phẩm nội thất khác. Hiện nay gỗ mít đang ngày càng khan hiếm, chủ yếu được khai thác từ các vùng rừng núi tây bắc, Trung Bộ và nước Lào.', '2020-06-04 09:20:47', '2020-06-04 09:20:47'),
(18, 'kiểm tra độ chính xác thời gian', 'bàn nước chamcha mặt gỗ.jpg', 1, 'ab', '2020-06-19 09:35:29', '2020-06-19 09:38:14');

-- --------------------------------------------------------

--
-- Table structure for table `orders`
--

CREATE TABLE `orders` (
  `id` int(11) NOT NULL,
  `id_customer` int(11) NOT NULL,
  `status` int(11) NOT NULL,
  `created_at` datetime NOT NULL DEFAULT current_timestamp(),
  `updated_at` datetime NOT NULL DEFAULT current_timestamp() ON UPDATE current_timestamp()
) ENGINE=InnoDB DEFAULT CHARSET=utf8;

--
-- Dumping data for table `orders`
--

INSERT INTO `orders` (`id`, `id_customer`, `status`, `created_at`, `updated_at`) VALUES
(40, 59, 1, '2020-05-12 00:00:00', '2020-06-14 00:00:00'),
(44, 59, 1, '2020-05-12 00:00:00', '2020-06-14 00:00:00'),
(45, 60, 3, '2020-05-13 00:00:00', '2020-05-14 00:00:00'),
(50, 59, 0, '2020-05-20 00:00:00', '2020-05-20 00:00:00'),
(52, 59, 0, '2020-05-20 00:00:00', '2020-05-20 00:00:00'),
(53, 59, 0, '2020-05-20 00:00:00', '2020-05-20 00:00:00'),
(54, 59, 0, '2020-05-22 00:00:00', '2020-05-22 00:00:00'),
(56, 59, 0, '2020-05-22 00:00:00', '2020-05-22 00:00:00'),
(58, 59, 0, '2020-05-22 00:00:00', '2020-05-22 00:00:00'),
(60, 59, 0, '2020-05-22 00:00:00', '2020-05-22 00:00:00'),
(62, 59, 0, '2020-05-22 00:00:00', '2020-05-22 00:00:00'),
(69, 59, 0, '2020-05-23 00:00:00', '2020-05-23 00:00:00'),
(70, 59, 0, '2020-05-23 00:00:00', '2020-05-23 00:00:00'),
(71, 59, 0, '2020-05-23 00:00:00', '2020-05-23 00:00:00'),
(72, 59, 0, '2020-05-23 00:00:00', '2020-05-23 00:00:00'),
(73, 59, 0, '2020-05-24 00:00:00', '2020-05-24 00:00:00'),
(74, 59, 0, '2020-05-24 00:00:00', '2020-05-24 00:00:00'),
(76, 59, 0, '2020-05-24 00:00:00', '2020-05-24 00:00:00'),
(77, 59, 0, '2020-05-24 00:00:00', '2020-05-24 00:00:00'),
(78, 59, 0, '2020-05-24 00:00:00', '2020-05-24 00:00:00'),
(79, 59, 0, '2020-05-26 00:00:00', '2020-05-26 00:00:00'),
(80, 59, 0, '2020-05-26 00:00:00', '2020-05-26 00:00:00'),
(81, 59, 0, '2020-05-26 00:00:00', '2020-05-26 00:00:00'),
(82, 59, 0, '2020-05-26 00:00:00', '2020-05-26 00:00:00'),
(83, 59, 0, '2020-05-27 00:00:00', '2020-05-27 00:00:00'),
(84, 59, 0, '2020-05-27 00:00:00', '2020-05-27 00:00:00'),
(89, 61, 0, '2020-05-29 00:00:00', '2020-05-29 00:00:00'),
(90, 60, 0, '2020-05-29 00:00:00', '2020-05-29 00:00:00'),
(91, 59, 0, '2020-06-08 00:00:00', '2020-06-08 00:00:00'),
(92, 59, 0, '2020-06-08 00:00:00', '2020-06-08 00:00:00'),
(93, 59, 0, '2020-06-08 00:00:00', '2020-06-08 00:00:00'),
(95, 59, 0, '2020-06-08 00:00:00', '2020-06-08 00:00:00'),
(97, 59, 0, '2020-06-15 00:00:00', '2020-06-15 00:00:00'),
(98, 59, 0, '2020-06-15 00:00:00', '2020-06-15 00:00:00'),
(99, 59, 0, '2020-06-16 00:00:00', '2020-06-16 00:00:00'),
(100, 59, 0, '2020-06-16 00:00:00', '2020-06-16 00:00:00'),
(101, 59, 0, '2020-06-16 00:00:00', '2020-06-16 00:00:00'),
(102, 59, 0, '2020-06-16 00:00:00', '2020-06-16 00:00:00'),
(103, 59, 0, '2020-06-16 00:00:00', '2020-06-16 00:00:00'),
(104, 59, 0, '2020-06-16 00:00:00', '2020-06-16 00:00:00'),
(105, 59, 0, '2020-06-16 00:00:00', '2020-06-16 00:00:00'),
(106, 59, 0, '2020-06-16 00:00:00', '2020-06-16 00:00:00'),
(107, 59, 0, '2020-06-16 00:00:00', '2020-06-16 00:00:00'),
(108, 59, 0, '2020-06-16 00:00:00', '2020-06-16 00:00:00'),
(109, 59, 0, '2020-06-16 00:00:00', '2020-06-16 00:00:00'),
(110, 59, 0, '2020-06-16 00:00:00', '2020-06-16 00:00:00'),
(111, 59, 0, '2020-06-16 00:00:00', '2020-06-16 00:00:00'),
(112, 59, 0, '2020-06-16 00:00:00', '2020-06-16 00:00:00'),
(113, 59, 0, '2020-06-16 00:00:00', '2020-06-16 00:00:00'),
(114, 59, 0, '2020-06-17 00:00:00', '2020-06-17 00:00:00'),
(116, 59, 0, '2020-06-17 00:00:00', '2020-06-17 00:00:00'),
(118, 59, 0, '2020-06-17 00:00:00', '2020-06-17 00:00:00'),
(119, 59, 0, '2020-06-17 00:00:00', '2020-06-17 00:00:00'),
(120, 59, 0, '2020-06-19 00:00:00', '2020-06-19 00:00:00'),
(121, 59, 0, '2020-06-19 00:00:00', '2020-06-19 00:00:00'),
(122, 59, 0, '2020-06-19 00:00:00', '2020-06-19 00:00:00'),
(124, 59, 0, '2020-06-20 16:47:50', '2020-06-20 16:47:50'),
(130, 59, 2, '2020-06-21 09:41:30', '2020-06-21 13:53:50'),
(131, 59, 0, '2020-06-22 05:03:16', '2020-06-22 05:03:16'),
(133, 59, 1, '2020-06-24 03:15:34', '2020-06-24 15:23:00'),
(135, 59, 0, '2020-06-24 15:51:23', '2020-06-24 15:51:23'),
(136, 59, 0, '2020-06-24 15:56:22', '2020-06-24 15:56:22'),
(138, 59, 0, '2020-06-24 15:59:17', '2020-06-24 15:59:17'),
(140, 59, 0, '2020-06-24 16:02:15', '2020-06-24 16:02:15'),
(141, 59, 0, '2020-06-24 16:05:39', '2020-06-24 16:05:39'),
(142, 59, 0, '2020-06-26 10:22:02', '2020-06-26 10:22:02'),
(143, 59, 0, '2020-06-26 10:24:42', '2020-06-26 10:24:42'),
(144, 59, 0, '2020-06-26 10:34:50', '2020-06-26 10:34:50'),
(145, 59, 0, '2020-06-26 14:56:25', '2020-06-26 14:56:25'),
(146, 59, 0, '2020-06-27 01:25:00', '2020-06-27 01:25:00'),
(147, 59, 0, '2020-06-27 02:53:08', '2020-06-27 02:53:08'),
(148, 59, 0, '2020-06-27 03:02:53', '2020-06-27 03:02:53');

-- --------------------------------------------------------

--
-- Table structure for table `order_detail1`
--

CREATE TABLE `order_detail1` (
  `receiver` varchar(255) DEFAULT NULL,
  `phone_receiver` varchar(11) DEFAULT NULL,
  `id_order` int(11) NOT NULL,
  `id_product` int(11) NOT NULL,
  `price` int(11) NOT NULL,
  `quantity` int(11) NOT NULL,
  `status` int(11) NOT NULL,
  `created_at` datetime NOT NULL DEFAULT current_timestamp(),
  `updated_at` datetime NOT NULL DEFAULT current_timestamp()
) ENGINE=InnoDB DEFAULT CHARSET=utf8;

--
-- Dumping data for table `order_detail1`
--

INSERT INTO `order_detail1` (`receiver`, `phone_receiver`, `id_order`, `id_product`, `price`, `quantity`, `status`, `created_at`, `updated_at`) VALUES
('', '0', 40, 28, 2375000, 1, 0, '2020-05-12 00:00:00', '2020-05-12 00:00:00'),
('', '0', 44, 28, 2375000, 1, 0, '2020-05-12 00:00:00', '2020-05-12 00:00:00'),
('', '0', 45, 27, 3325000, 1, 0, '2020-05-13 00:00:00', '2020-05-13 00:00:00'),
('abc', '123456', 50, 31, 80000, 1, 0, '2020-05-20 00:00:00', '2020-05-20 00:00:00'),
('', NULL, 52, 29, 12000000, 1, 0, '2020-05-20 00:00:00', '2020-05-20 00:00:00'),
('', NULL, 53, 9, 50400000, 1, 0, '2020-05-20 00:00:00', '2020-05-20 00:00:00'),
('nguyen quang hung', '0147852369', 54, 29, 12000000, 2, 0, '2020-05-22 00:00:00', '2020-05-22 00:00:00'),
('nguyen trong huy', '0147888', 56, 28, 2375000, 1, 0, '2020-05-22 00:00:00', '2020-05-22 00:00:00'),
('nguyen trong huy', '0147888', 56, 27, 3325000, 1, 0, '2020-05-22 00:00:00', '2020-05-22 00:00:00'),
('nguyen trong huy', '0147888', 58, 28, 2375000, 1, 0, '2020-05-22 00:00:00', '2020-05-22 00:00:00'),
('nguyen trong huy', '0147888', 58, 27, 3325000, 1, 0, '2020-05-22 00:00:00', '2020-05-22 00:00:00'),
('1', '2', 60, 28, 2375000, 1, 0, '2020-05-22 00:00:00', '2020-05-22 00:00:00'),
('1', '2', 60, 27, 3325000, 1, 0, '2020-05-22 00:00:00', '2020-05-22 00:00:00'),
('1', '2', 62, 28, 2375000, 1, 0, '2020-05-22 00:00:00', '2020-05-22 00:00:00'),
('1', '2', 62, 27, 3325000, 1, 0, '2020-05-22 00:00:00', '2020-05-22 00:00:00'),
('', NULL, 69, 25, 495000, 1, 0, '2020-05-23 00:00:00', '2020-05-23 00:00:00'),
('', NULL, 70, 25, 495000, 1, 0, '2020-05-23 00:00:00', '2020-05-23 00:00:00'),
('', NULL, 71, 25, 495000, 1, 0, '2020-05-23 00:00:00', '2020-05-23 00:00:00'),
('', NULL, 72, 31, 80000, 1, 0, '2020-05-23 00:00:00', '2020-05-23 00:00:00'),
('', NULL, 73, 27, 3325000, 1, 0, '2020-05-24 00:00:00', '2020-05-24 00:00:00'),
('', NULL, 74, 18, 8370000, 1, 0, '2020-05-24 00:00:00', '2020-05-24 00:00:00'),
('', NULL, 76, 10, 4230000, 1, 0, '2020-05-24 00:00:00', '2020-05-24 00:00:00'),
('', NULL, 76, 17, 7125000, 2, 0, '2020-05-24 00:00:00', '2020-05-24 00:00:00'),
('', NULL, 77, 29, 12000000, 1, 0, '2020-05-24 00:00:00', '2020-05-24 00:00:00'),
('', NULL, 78, 29, 12000000, 1, 0, '2020-05-24 00:00:00', '2020-05-24 00:00:00'),
('', NULL, 79, 9, 50400000, 5, 0, '2020-05-26 00:00:00', '2020-05-26 00:00:00'),
('', NULL, 80, 9, 50400000, 1, 0, '2020-05-26 00:00:00', '2020-05-26 00:00:00'),
('', NULL, 81, 9, 50400000, 1, 0, '2020-05-26 00:00:00', '2020-05-26 00:00:00'),
('', NULL, 82, 10, 4230000, 2, 0, '2020-05-26 00:00:00', '2020-05-26 00:00:00'),
('', NULL, 83, 29, 12000000, 1, 0, '2020-05-27 00:00:00', '2020-05-27 00:00:00'),
('', NULL, 84, 29, 12000000, 4, 0, '2020-05-27 00:00:00', '2020-05-27 00:00:00'),
('', NULL, 89, 13, 2950000, 7, 0, '2020-05-29 00:00:00', '2020-05-29 00:00:00'),
('aa', '1111111', 90, 20, 554400, 3, 0, '2020-05-29 00:00:00', '2020-05-29 00:00:00'),
('', NULL, 91, 9, 50400000, 93, 0, '2020-06-08 00:00:00', '2020-06-08 00:00:00'),
('linhlinh', '12121212', 92, 9, 50400000, 1, 0, '2020-06-08 00:00:00', '2020-06-08 00:00:00'),
('a', '1212121', 93, 9, 50400000, 9, 0, '2020-06-08 00:00:00', '2020-06-08 00:00:00'),
('', NULL, 95, 25, 495000, 2, 0, '2020-06-08 00:00:00', '2020-06-08 00:00:00'),
('', NULL, 95, 27, 3325000, 3, 0, '2020-06-08 00:00:00', '2020-06-08 00:00:00'),
('nguyễn quang sáng', '0303030303', 97, 10, 4230000, 1, 0, '2020-06-15 00:00:00', '2020-06-15 00:00:00'),
('nguyễn quang sáng', '0303030303', 97, 18, 8370000, 3, 0, '2020-06-15 00:00:00', '2020-06-15 00:00:00'),
('', NULL, 98, 18, 25110000, 3, 0, '2020-06-15 00:00:00', '2020-06-15 00:00:00'),
('nguyễn văn A', NULL, 99, 25, 495000, 1, 0, '2020-06-16 00:00:00', '2020-06-16 00:00:00'),
('', NULL, 100, 25, 990000, 2, 0, '2020-06-16 00:00:00', '2020-06-16 00:00:00'),
('', NULL, 101, 14, 2970000, 1, 0, '2020-06-16 00:00:00', '2020-06-16 00:00:00'),
('', NULL, 102, 14, 2970000, 1, 0, '2020-06-16 00:00:00', '2020-06-16 00:00:00'),
('', NULL, 103, 40, 392000, 2, 0, '2020-06-16 00:00:00', '2020-06-16 00:00:00'),
('', NULL, 104, 40, 392000, 2, 0, '2020-06-16 00:00:00', '2020-06-16 00:00:00'),
('', NULL, 105, 40, 392000, 2, 0, '2020-06-16 00:00:00', '2020-06-16 00:00:00'),
('', NULL, 106, 40, 392000, 2, 0, '2020-06-16 00:00:00', '2020-06-16 00:00:00'),
('', NULL, 107, 40, 392000, 2, 0, '2020-06-16 00:00:00', '2020-06-16 00:00:00'),
('', NULL, 108, 40, 392000, 2, 0, '2020-06-16 00:00:00', '2020-06-16 00:00:00'),
('', NULL, 109, 40, 392000, 2, 0, '2020-06-16 00:00:00', '2020-06-16 00:00:00'),
('', NULL, 110, 40, 392000, 2, 0, '2020-06-16 00:00:00', '2020-06-16 00:00:00'),
('', NULL, 111, 40, 392000, 2, 0, '2020-06-16 00:00:00', '2020-06-16 00:00:00'),
('', NULL, 112, 40, 392000, 2, 0, '2020-06-16 00:00:00', '2020-06-16 00:00:00'),
('', NULL, 113, 40, 392000, 2, 0, '2020-06-16 00:00:00', '2020-06-16 00:00:00'),
('', NULL, 114, 41, 665000, 2, 0, '2020-06-17 00:00:00', '2020-06-17 00:00:00'),
('', NULL, 116, 152, 95000000, 2, 0, '2020-06-17 00:00:00', '2020-06-17 00:00:00'),
('', NULL, 116, 134, 14000000, 2, 0, '2020-06-17 00:00:00', '2020-06-17 00:00:00'),
('', NULL, 118, 78, 3500000, 1, 0, '2020-06-17 00:00:00', '2020-06-17 00:00:00'),
('', NULL, 118, 85, 19000000, 2, 0, '2020-06-17 00:00:00', '2020-06-17 00:00:00'),
('', NULL, 119, 14, 2970000, 1, 0, '2020-06-17 00:00:00', '2020-06-17 00:00:00'),
('', NULL, 120, 14, 8910000, 3, 0, '2020-06-19 00:00:00', '2020-06-19 00:00:00'),
('', NULL, 121, 17, 7125000, 1, 0, '2020-06-19 09:07:31', '2020-06-19 09:07:31'),
('', NULL, 122, 27, 3325000, 1, 0, '2020-06-19 09:09:07', '2020-06-19 09:09:07'),
(NULL, NULL, 124, 14, 2970000, 1, 0, '2020-06-20 16:47:50', '2020-06-20 16:47:50'),
(NULL, NULL, 130, 25, 1980000, 4, 0, '2020-06-21 09:41:30', '2020-06-21 09:41:30'),
(NULL, NULL, 130, 54, 960000, 1, 0, '2020-06-21 09:41:30', '2020-06-21 09:41:30'),
(NULL, NULL, 131, 10, 1800000, 1, 0, '2020-06-22 05:03:16', '2020-06-22 05:03:16'),
(NULL, NULL, 133, 45, 3600000, 2, 0, '2020-06-24 03:15:34', '2020-06-24 03:15:34'),
(NULL, NULL, 133, 43, 2500000, 1, 0, '2020-06-24 03:15:34', '2020-06-24 03:15:34'),
('bạn của tôi', '0976498526', 135, 59, 3150000, 1, 0, '2020-06-24 15:51:23', '2020-06-24 15:51:23'),
('bạn của tôi', '0976498526', 135, 61, 4500000, 2, 0, '2020-06-24 15:51:23', '2020-06-24 15:51:23'),
('em của tôi', '0973050525', 136, 138, 9000000, 1, 0, '2020-06-24 15:56:22', '2020-06-24 15:56:22'),
('em của tôi', '0973050525', 136, 139, 39600000, 2, 0, '2020-06-24 15:56:22', '2020-06-24 15:56:22'),
('nguyễn thị A', '2323232323', 138, 150, 33250000, 1, 0, '2020-06-24 15:59:17', '2020-06-24 15:59:17'),
('nguyễn thị A', '2323232323', 138, 148, 81000000, 2, 0, '2020-06-24 15:59:17', '2020-06-24 15:59:17'),
(NULL, NULL, 140, 54, 960000, 1, 0, '2020-06-24 16:02:15', '2020-06-24 16:02:15'),
(NULL, NULL, 140, 44, 1740000, 2, 0, '2020-06-24 16:02:15', '2020-06-24 16:02:15'),
('lê văn nam', '017453736', 141, 148, 81000000, 2, 0, '2020-06-24 16:05:39', '2020-06-24 16:05:39'),
('lê văn nam', '017453736', 141, 147, 45000000, 1, 0, '2020-06-24 16:05:39', '2020-06-24 16:05:39'),
('lê văn nam', '017453736', 141, 146, 50000000, 1, 0, '2020-06-24 16:05:39', '2020-06-24 16:05:39'),
('trần đức minh', '0123456789', 142, 46, 3150000, 1, 0, '2020-06-26 10:22:02', '2020-06-26 10:22:02'),
('trần đức minh', '0123456789', 142, 59, 3150000, 1, 0, '2020-06-26 10:22:02', '2020-06-26 10:22:02'),
(NULL, NULL, 143, 116, 25200000, 2, 0, '2020-06-26 10:24:42', '2020-06-26 10:24:42'),
(NULL, NULL, 144, 50, 495000, 1, 0, '2020-06-26 10:34:50', '2020-06-26 10:34:50'),
(NULL, NULL, 145, 155, 95000, 1, 0, '2020-06-26 14:56:25', '2020-06-26 14:56:25'),
(NULL, NULL, 146, 153, 178, 1, 0, '2020-06-27 01:25:00', '2020-06-27 01:25:00'),
(NULL, NULL, 147, 116, 25200000, 2, 0, '2020-06-27 02:53:08', '2020-06-27 02:53:08'),
(NULL, NULL, 147, 117, 12090000, 1, 0, '2020-06-27 02:53:08', '2020-06-27 02:53:08'),
(NULL, NULL, 148, 14, 2970000, 1, 0, '2020-06-27 03:02:53', '2020-06-27 03:02:53');

-- --------------------------------------------------------

--
-- Table structure for table `products`
--

CREATE TABLE `products` (
  `id` int(11) NOT NULL,
  `name` varchar(255) NOT NULL,
  `quantity` int(255) NOT NULL,
  `price` float NOT NULL,
  `sale_price` float NOT NULL,
  `description` varchar(255) NOT NULL,
  `image` varchar(255) NOT NULL,
  `status` tinyint(1) NOT NULL,
  `id_category` int(11) NOT NULL,
  `created_at` timestamp NOT NULL DEFAULT current_timestamp(),
  `updated_at` timestamp NOT NULL DEFAULT current_timestamp() ON UPDATE current_timestamp()
) ENGINE=InnoDB DEFAULT CHARSET=utf8;

--
-- Dumping data for table `products`
--

INSERT INTO `products` (`id`, `name`, `quantity`, `price`, `sale_price`, `description`, `image`, `status`, `id_category`, `created_at`, `updated_at`) VALUES
(9, 'Ghế sofa wiliam blue', 0, 56000000, 10, 'đẹp', 'sofa5.jpg', 1, 1, '2020-02-24 10:19:48', '2020-03-14 01:07:15'),
(10, 'Ghế sofa xấu', 9, 4500000, 60, 'kệ', 'sofa7.jpg', 1, 1, '2020-06-22 05:03:16', '2020-06-25 21:34:13'),
(13, 'Bàn trà', 60, 2950000, 0, 'đẹp', 'bàn trà.jpg', 0, 1, '2020-03-14 01:06:32', '2020-06-16 21:32:54'),
(14, 'Bàn trang trí', 58, 6000000, 1, 'cũng đẹp', 'bàn trang trí.jpg', 1, 1, '2020-03-14 01:09:38', '2020-06-26 20:03:28'),
(15, 'Bàn end table', 11, 2000000, 2, 'abc', 'bàn end table.jpg', 1, 1, '2020-03-14 01:10:56', '2020-03-14 01:10:56'),
(16, 'Bàn kết hợp ghế sofa', 12, 5000000, 5, 'abc', 'bàn kết hợp ghế sofa.jpg', 0, 1, '2020-03-14 01:12:14', '2020-03-14 01:12:14'),
(17, 'Kệ tivi', 9, 7500000, 5, 'đẹp', 'tủ3.jpg', 1, 1, '2020-06-20 17:33:57', '2020-03-14 01:14:38'),
(18, 'Kệ console cao cấp', 38, 9000000, 7, 'abc', 'kệ console cao cấp.jpg', 1, 1, '2020-03-14 01:15:45', '2020-03-14 01:15:45'),
(19, 'Kệ sách', 20, 200000, 0, 'abc', 'kệ sách.jpeg', 0, 1, '2020-06-21 08:38:32', '2020-06-21 01:38:32'),
(20, 'Bàn ăn berginner', 52, 560000, 1, 'abc', 'bàn ăn 1.jpg', 1, 2, '2020-03-14 01:23:17', '2020-03-14 01:23:17'),
(21, 'Bàn ăn chân X', 0, 4000000, 3, 'abc', 'bàn ăn 2.jpg', 1, 2, '2020-03-14 01:24:29', '2020-03-14 01:24:29'),
(22, 'Bàn ăn chân V', 88, 200000, 1, 'abc', 'bàn ăn 4.jpg', 1, 2, '2020-03-14 01:25:52', '2020-03-14 01:25:52'),
(23, 'Ghế tựa trắng', 8, 6500000, 7, 'abc', 'ghế 1.jpg', 0, 2, '2020-03-14 01:26:57', '2020-03-14 01:26:57'),
(24, 'Ghế tựa đen', 9, 3500000, 0, 'abc', 'ghế 2.png', 0, 2, '2020-03-14 01:27:33', '2020-03-14 01:27:33'),
(25, 'Tranh một', 87, 500000, 1, 'abc', 'tranh 1.jpg', 1, 2, '2020-06-21 09:41:30', '2020-06-21 09:41:30'),
(27, 'Bàn trang điểm to', 46, 3500000, 5, 'abc', 'bàn trang điển 1.jpg', 1, 22, '2020-03-14 01:32:22', '2020-03-14 01:32:22'),
(28, 'Bàn trang điểm nhỏ', 10, 2500000, 5, 'abc', 'bàn trang điểm 2.jpg', 1, 22, '2020-03-14 01:32:53', '2020-03-14 01:32:53'),
(29, 'Giường đơn', 11, 12000000, 0, 'abc', 'giường đơn.jpg', 1, 22, '2020-03-14 01:33:33', '2020-03-14 01:33:33'),
(31, 'sản phẩm 1', 3, 100000, 20, 'không', 'lược đồ quan hệ slide.png', 0, 1, '2020-05-19 00:05:56', '2020-05-28 20:22:15'),
(40, 'Chậu cây lô hội', 20, 200000, 2, 'chậu nhỏ kích thước 10*25', 'chậu cây lô hội.jpg', 1, 39, '2020-06-15 10:20:50', '2020-06-26 03:20:01'),
(41, 'Chậu cây xương rồng Cement', 18, 350000, 5, '', 'chậu cây xương rồng cement.jpg', 1, 39, '2020-06-15 10:22:17', '2020-06-15 10:22:17'),
(42, 'Chậu cây Dahlia', 15, 300000, 2, '', 'chậu hoa dahlia.jpg', 1, 39, '2020-06-15 10:23:28', '2020-06-15 10:23:28'),
(43, 'Đồng hồ báo thức Leeston', 6, 2500000, 0, '', 'đồng hồ báo thức leeston.jpg', 1, 39, '2020-06-15 10:24:29', '2020-06-24 03:15:34'),
(44, 'Đồng hồ để bàn BALL ROUND METAL', 8, 1000000, 13, '', 'đồng hồ để bàn ball round metal.jpg', 1, 39, '2020-06-15 10:25:34', '2020-06-24 16:02:15'),
(45, 'Đồng hồ để bàn METAL WHITE', 13, 2000000, 10, 'abc', 'đồng hồ để bàn metal white.jpg', 1, 39, '2020-06-22 07:09:24', '2020-06-24 03:15:34'),
(46, 'Đồng hồ treo tường đá Marble', 9, 3500000, 10, '', 'đồng hồ treo tường đá marble.jpg', 1, 39, '2020-06-15 10:27:12', '2020-06-26 10:22:02'),
(47, 'Đồng hồ treo tường FINGERPRINT', 25, 1000000, 1, '', 'đồng hồ treo tường fingerprint.jpg', 1, 39, '2020-06-15 19:17:35', '2020-06-15 19:17:35'),
(48, 'Đồng hồ treo tường vàng đồng', 5, 7500000, 5, '', 'đồng hồ treo tường vàng đồng.jpg', 1, 39, '2020-06-15 19:18:28', '2020-06-15 19:18:28'),
(49, 'Gối bọc da', 25, 660000, 6, '', 'gối bọc da.jpg', 1, 39, '2020-06-15 19:19:10', '2020-06-15 19:19:10'),
(50, 'Gối chim vẹt', 29, 500000, 1, '', 'gối chim vẹt.jpg', 1, 39, '2020-06-15 19:19:44', '2020-06-26 10:34:50'),
(51, 'Gối hoa hồng', 25, 450000, 0, '', 'gối hoa hồng.jpg', 1, 39, '2020-06-15 19:20:25', '2020-06-15 19:20:25'),
(52, 'Gối lá xanh nhiệt đới', 20, 500000, 5, '', 'gối là xanh nhiệt đới.jpg', 1, 39, '2020-06-15 19:21:09', '2020-06-15 19:21:09'),
(53, 'Gối Lovely', 10, 450000, 1, '', 'gối lovely.jpg', 1, 39, '2020-06-15 19:21:46', '2020-06-15 19:21:46'),
(54, 'Hoa PIVOINE GLORIA POT', 3, 1200000, 20, '', 'hoa-pivoine-gloria-pot-2_-_copy.jpg', 1, 39, '2020-06-21 09:41:30', '2020-06-24 16:02:15'),
(55, 'Hộp hoa hồng trang trí', 9, 460000, 0, '', 'hộp hoa hồng trang trí.jpg', 1, 39, '2020-06-15 19:23:49', '2020-06-15 19:23:49'),
(56, 'Lọ hoa cúc', 5, 350000, 0, '', 'lọ hoa cúc.jpg', 1, 39, '2020-06-15 19:24:27', '2020-06-15 19:24:27'),
(57, 'Lọ hoa mộc lan', 10, 850000, 5, '', 'lọ hoa mộc lan.jpg', 1, 39, '2020-06-15 19:25:33', '2020-06-15 19:25:33'),
(58, 'Ly hoa hồng', 20, 250000, 2, '', 'ly hoa hồng.jpg', 1, 39, '2020-06-15 19:26:22', '2020-06-15 19:26:22'),
(59, 'Tranh cô gái', 1, 3500000, 10, '', 'trang cô gái.jpg', 1, 39, '2020-06-15 19:28:15', '2020-06-26 10:22:02'),
(60, 'Trang Lady white Blosson', 5, 4000000, 5, '', 'trang lady white blossom.jpg', 1, 39, '2020-06-15 19:29:30', '2020-06-15 19:29:30'),
(61, 'Tranh vẽ đàn Piano', 8, 2500000, 10, '', 'tranh vẽ đàn piano.jpg', 1, 39, '2020-06-15 19:30:11', '2020-06-24 15:51:23'),
(62, 'Tranh vẽ hoa 1', 10, 1000000, 10, '', 'tranh vẽ hoa 1.jpg', 1, 39, '2020-06-15 19:31:20', '2020-06-15 19:31:20'),
(63, 'Tranh vẽ hoa 2', 10, 1000000, 9, '', 'tranh vẽ hoa 2.jpg', 1, 39, '2020-06-15 19:32:07', '2020-06-15 19:32:07'),
(64, 'Tranh vẽ  nhà ven biển', 25, 2500000, 5, '', 'tranh vẽ nhà ven biển.jpg', 1, 39, '2020-06-15 19:32:56', '2020-06-15 19:32:56'),
(65, 'Tranh vẽ On The Beach', 5, 2300000, 3, '', 'tranh vẽ on the beach.jpg', 1, 39, '2020-06-15 19:33:34', '2020-06-15 19:33:34'),
(66, 'Tượng báo Panther', 20, 3200000, 5, '', 'tượng báo panter.jpg', 1, 39, '2020-06-15 19:34:41', '2020-06-15 19:34:41'),
(67, 'Tượng mèo con', 20, 2100000, 5, '', 'tượng con mèo.jpg', 1, 39, '2020-06-15 19:35:15', '2020-06-15 19:35:15'),
(68, 'Tượng con voi', 20, 1000000, 5, '', 'tượng con voi.jpg', 1, 39, '2020-06-15 19:35:40', '2020-06-15 19:35:40'),
(69, 'Tượng ngựa trang trí', 20, 4500000, 5, '', 'tượng ngựa trang trí.jpg', 1, 39, '2020-06-15 19:36:11', '2020-06-15 19:36:11'),
(70, 'Tượng tuần lộc', 20, 3500000, 5, '', 'tượng tuần lộc.jpg', 1, 39, '2020-06-15 19:36:43', '2020-06-15 19:36:43'),
(71, 'Bàn ăn Jazz', 20, 25000000, 10, '', 'bàn ăn jazz.jpg', 1, 2, '2020-06-15 19:39:11', '2020-06-15 19:39:11'),
(72, 'Bàn ăn mây', 20, 5000000, 0, '', 'bàn ăn mây 2m2.jpg', 1, 2, '2020-06-15 19:39:55', '2020-06-15 19:39:55'),
(73, 'Bàn ăn mở rộng mặt đá HC', 20, 35000000, 0, '', 'bàn ăn mở rộng mặt đá HC.jpg', 1, 2, '2020-06-15 19:40:42', '2020-06-15 19:40:42'),
(74, 'Bàn ăn OBLO', 20, 30000000, 5, '', 'bàn ăn oblo.jpg', 1, 2, '2020-06-15 19:42:25', '2020-06-15 19:42:25'),
(75, 'Bàn ăn Pio', 20, 20000000, 9, '', 'bàn ăn pio.jpg', 1, 2, '2020-06-15 19:42:59', '2020-06-15 19:42:59'),
(76, 'Bàn ăn Roma 4 chỗ', 20, 15000000, 0, '', 'bàn ăn roma 4 chỗ.jpg', 1, 2, '2020-06-15 19:43:53', '2020-06-15 19:43:53'),
(77, 'Bàn ăn tròn Maxine', 20, 15000000, 5, '', 'bàn ăn tròn maxine.jpg', 1, 2, '2020-06-15 19:44:36', '2020-06-15 19:44:36'),
(78, 'Ghế ăn HC', 19, 3500000, 0, '', 'ghế ăn hc.jpg', 1, 2, '2020-06-15 19:45:16', '2020-06-15 19:45:16'),
(79, 'Ghế ăn Maxine', 20, 2000000, 0, '', 'ghế ăn maxine.jpg', 1, 2, '2020-06-15 19:45:57', '2020-06-15 19:45:57'),
(80, 'Ghế ăn mây', 20, 1000000, 0, '', 'ghế ăn mây.jpg', 1, 2, '2020-06-15 19:46:30', '2020-06-15 19:46:30'),
(81, 'Ghế ăn Porto có tay', 20, 3000000, 0, '', 'ghế có tay porto.jpg', 1, 2, '2020-06-15 19:47:55', '2020-06-15 19:47:55'),
(82, 'Ghế ăn Chamcha không tay', 20, 2000000, 0, '', 'ghế không tay chamcha.jpg', 1, 2, '2020-06-15 19:48:26', '2020-06-15 19:48:26'),
(83, 'Ghế ăn Miami', 20, 3500000, 0, '', 'ghế miami.jpg', 1, 2, '2020-06-15 19:49:11', '2020-06-15 19:49:11'),
(84, 'Ghế pio', 20, 1000000, 0, '', 'ghế pio.jpg', 1, 2, '2020-06-15 19:49:56', '2020-06-15 19:49:56'),
(85, 'Tủ ly Aqua', 18, 10000000, 5, '', 'tủ ly Aqua.jpg', 1, 2, '2020-06-15 19:50:34', '2020-06-15 19:50:34'),
(86, 'Tủ ly Bridge', 20, 12000000, 1, '', 'tủ ly bridge.jpg', 1, 2, '2020-06-15 19:51:11', '2020-06-15 19:51:11'),
(87, 'Tủ ly HC', 20, 20000000, 5, '', 'tủ ly HC.jpg', 1, 2, '2020-06-15 19:53:03', '2020-06-15 19:53:03'),
(88, 'Tủ ly Jazz', 20, 15000000, 0, '', 'tủ ly Jazz.jpg', 1, 2, '2020-06-15 19:53:44', '2020-06-15 19:53:44'),
(89, 'Tủ ly Shadow', 20, 23000000, 5, '', 'tủ ly shadow.jpg', 1, 2, '2020-06-15 19:54:18', '2020-06-15 19:54:18'),
(90, 'Xe đẩy đồ ăn Trolly', 10, 500000, 0, '', 'xe đẩy đồ ăn trolly.jpg', 1, 2, '2020-06-15 19:55:37', '2020-06-15 19:55:37'),
(91, 'Xe đẩy đồ ăn Wheels', 10, 500000, 0, '', 'xe đẩy đồ ăn wheels.jpg', 1, 2, '2020-06-15 19:56:10', '2020-06-15 19:56:10'),
(92, 'Bàn nước Chamcha mặt gỗ', 20, 22000000, 5, '', 'bàn nước chamcha mặt gỗ.jpg', 1, 1, '2020-06-15 19:57:07', '2020-06-15 19:57:07'),
(93, 'Bàn nước Chamcha mặt kính', 20, 21000000, 0, '', 'bàn nước chamcha mặt kính.jpg', 1, 1, '2020-06-15 19:57:42', '2020-06-15 19:57:42'),
(94, 'Bàn nước Opal giả đã Oval', 20, 20000000, 0, '', 'bàn nước opal giả đá oval.jpg', 1, 1, '2020-06-15 20:05:09', '2020-06-15 20:05:09'),
(95, 'Bàn nước Opal đá Oval', 20, 30000000, 5, '', 'bàn nước opal oval.jpg', 1, 1, '2020-06-15 20:05:46', '2020-06-15 20:05:46'),
(96, 'Bàn nước Pio', 20, 15000000, 0, '', 'bàn nước pio.jpg', 1, 1, '2020-06-15 20:06:15', '2020-06-15 20:06:15'),
(97, 'Ghế Lazboy Cardinal', 20, 30000000, 5, '', 'ghế lazboy cardinal.jpg', 1, 1, '2020-06-15 20:07:04', '2020-06-15 20:07:04'),
(98, 'Ghế LAZboy Eden', 20, 35000000, 5, '', 'ghế lazboy eden.jpg', 1, 1, '2020-06-15 20:07:40', '2020-06-15 20:07:40'),
(99, 'Ghế Lazboy larson', 20, 30000000, 0, '', 'ghế lazboy larson.jpg', 1, 1, '2020-06-15 20:08:15', '2020-06-15 20:08:15'),
(100, 'Ghế sofa 3 chỗ bụi', 10, 40000000, 5, '', 'sofa 3 chỗ bụi.jpg', 1, 1, '2020-06-15 20:08:48', '2020-06-15 20:08:48'),
(101, 'Sofa Adam 2 chỗ', 10, 39000000, 1, '', 'sofa adam 2 chỗ.jpg', 1, 1, '2020-06-15 20:09:45', '2020-06-15 20:09:45'),
(102, 'Sofa Bridge 3 chỗ', 10, 41000000, 5, '', 'sofa bridge 3 chỗ.jpg', 1, 1, '2020-06-15 20:10:29', '2020-06-15 20:10:29'),
(103, 'Sofa Chest 2 chỗ', 10, 40500000, 1, '', 'sofa chest 2 chỗ.jpg', 1, 1, '2020-06-15 20:11:57', '2020-06-15 20:11:57'),
(104, 'Sofa Dubai 2.5 chỗ', 10, 40000000, 0, '', 'sofa dubai 2.5 chỗ.jpg', 1, 1, '2020-06-15 20:14:27', '2020-06-15 20:14:27'),
(105, 'Sofa Elenor 2 chỗ', 10, 35000000, 0, '', 'sofa elenor 2 chỗ.jpg', 1, 1, '2020-06-15 20:15:08', '2020-06-15 20:15:08'),
(106, 'Sofa mini 2 chỗ & 1 armchair', 10, 50000000, 5, '', 'sofa mini 2 chỗ và 1 airm chair.jpg', 1, 1, '2020-06-15 20:16:58', '2020-06-15 20:16:58'),
(107, 'Sofa Tonic 2 chỗ & 2 armchair', 10, 55000000, 10, '', 'sofa tonic 2 chỗ và 2 armchair.jpg', 1, 1, '2020-06-15 20:18:32', '2020-06-15 20:18:32'),
(108, 'Thảm Jack Trellis', 20, 1200000, 0, '', 'thảm jack trellis.jpg', 1, 1, '2020-06-15 20:19:37', '2020-06-15 20:19:37'),
(109, 'Thảm Magic', 20, 1230000, 0, '', 'thảm magic.jpg', 1, 1, '2020-06-15 20:20:16', '2020-06-15 20:20:16'),
(110, 'Thảm Vegas Fur', 20, 1500000, 5, '', 'thảm vegas fur.jpg', 1, 1, '2020-06-15 20:20:54', '2020-06-15 20:20:54'),
(111, 'Tủ tivi Sen', 20, 7500000, 0, '', 'tủ tive sen.jpg', 1, 1, '2020-06-15 20:21:33', '2020-06-15 20:21:33'),
(112, 'Tủ tivi Bridge', 20, 8000000, 5, '', 'tủ tivi bridge.jpg', 1, 1, '2020-06-15 20:22:34', '2020-06-15 20:22:34'),
(113, 'Tủ tivi Jazz', 20, 6900000, 5, '', 'tủ tivi jazz.jpg', 1, 1, '2020-06-15 20:23:18', '2020-06-15 20:23:18'),
(114, 'Tủ tivi Pio', 20, 1000000, 0, '', 'tủ tivi pio.jpg', 1, 1, '2020-06-15 20:26:05', '2020-06-15 20:26:05'),
(115, 'Tủ tivi Porto', 20, 9000000, 5, '', 'tủ tivi porto.jpg', 1, 1, '2020-06-15 20:26:42', '2020-06-15 20:26:42'),
(116, 'Bàn làm việc Pio', 16, 14000000, 10, 'chất liệu: gỗ thông . màu sắc: nâu trắng . có ngăn kéo', 'bàn làm việc pio.jpg', 1, 24, '2020-06-15 20:27:39', '2020-06-27 02:53:08'),
(117, 'Bàn làm việc Skagen', 19, 13000000, 7, 'chất liệu: gỗ ép . màu sắc: nâu . vân: như gỗ thật', 'bàn làm việc skagen.jpg', 1, 24, '2020-06-15 20:28:15', '2020-06-27 02:53:08'),
(118, 'Bàn làm việc Dubai', 20, 15000000, 5, '', 'ban_lam_viec_dubai.jpg', 1, 24, '2020-06-15 20:29:17', '2020-06-15 20:29:17'),
(119, 'Bàn làm việc Sen', 20, 13000000, 5, '', 'ban_lam_viec_sen.jpg', 1, 24, '2020-06-15 20:29:54', '2020-06-15 20:29:54'),
(120, 'Bàn làm việc Finn', 20, 11000000, 0, '', 'ban-lam-viec-finn.jpg', 1, 24, '2020-06-15 20:30:33', '2020-06-15 20:30:33'),
(121, 'Bàn làm việc Maxine', 20, 17000000, 10, '', 'ban-lam-viec-maxine.jpg', 1, 24, '2020-06-15 20:31:07', '2020-06-15 20:31:07'),
(122, 'kệ sách Artigo', 20, 4500000, 5, '', 'kệ sách artigo.jpg', 1, 24, '2020-06-15 20:31:48', '2020-06-15 20:31:48'),
(123, 'Kệ sách Brem', 20, 2700000, 10, '', 'kệ sách brem.jpg', 1, 24, '2020-06-15 20:32:28', '2020-06-15 20:32:28'),
(124, 'kệ sách Gamma', 20, 5000000, 5, '', 'kệ sách glamour.jpg', 1, 24, '2020-06-15 20:33:40', '2020-06-15 20:33:40'),
(125, 'Kệ sách Maxine', 20, 6000000, 6, '', 'kệ sách maxine.jpg', 1, 24, '2020-06-15 20:34:27', '2020-06-15 20:34:27'),
(126, 'Kệ sách Porto', 20, 5000000, 10, '', 'kệ sách porto.jpg', 1, 24, '2020-06-15 20:38:37', '2020-06-15 20:38:37'),
(127, 'Kệ sách Tree Gray', 20, 8000000, 10, '', 'kệ sách tree gray.jpg', 1, 24, '2020-06-15 20:39:31', '2020-06-15 20:39:31'),
(128, 'Kệ trang trí hình lượn sóng', 20, 35000000, 0, '', 'kệ trang trí hình lượn sóng.jpg', 1, 24, '2020-06-15 20:40:05', '2020-06-15 20:40:05'),
(129, 'Kệ treo Artigo', 20, 2000000, 5, '', 'kệ treo artigo.jpg', 1, 24, '2020-06-15 20:40:54', '2020-06-15 20:40:54'),
(130, 'Kệ treo Brem', 20, 2000000, 0, '', 'kệ treo brem.jpg', 1, 24, '2020-06-15 20:41:19', '2020-06-15 20:41:19'),
(131, 'Kệ treo tường Natura', 20, 1000000, 5, '', 'kệ treo tường natura.jpg', 1, 24, '2020-06-15 20:41:52', '2020-06-15 20:41:52'),
(132, 'Bàn đầu giường Maxine', 15, 9900000, 1, '', 'bàn đầu giường maxine.jpg', 1, 22, '2020-06-15 20:42:52', '2020-06-15 20:42:52'),
(133, 'Bàn đầu giường mây', 15, 9000000, 5, '', 'bàn đầu giường mây.jpg', 1, 22, '2020-06-15 20:43:38', '2020-06-15 20:43:38'),
(134, 'bàn đầu giường Pio', 13, 7000000, 0, '', 'bàn đầu giường pio.jpg', 1, 22, '2020-06-15 20:44:11', '2020-06-15 20:44:11'),
(135, 'Bàn đầu giường Pop', 15, 9000000, 0, '', 'bàn đầu giường pop.jpg', 1, 22, '2020-06-15 20:44:37', '2020-06-15 20:44:37'),
(136, 'Bàn đầu giường Shadow', 15, 8000000, 10, '', 'bàn đầu giường shadow.jpg', 1, 22, '2020-06-15 20:45:10', '2020-06-15 20:45:10'),
(137, 'Bàn trang điển mây', 15, 6000000, 5, '', 'bàn trang điểm mây.jpg', 1, 22, '2020-06-15 20:45:43', '2020-06-15 20:45:43'),
(138, 'Bàn trang điểm Vanice', 14, 10000000, 10, '', 'bàn trang điểm vanice.jpg', 1, 22, '2020-06-15 20:46:35', '2020-06-24 15:56:22'),
(139, 'giường Maxine', 8, 20000000, 1, '', 'giường maxine.jpg', 1, 22, '2020-06-15 20:47:08', '2020-06-24 15:56:22'),
(140, 'Giường mây', 10, 15000000, 5, '', 'giường mây.jpg', 1, 22, '2020-06-15 20:48:08', '2020-06-15 20:48:08'),
(141, 'Giường Pio', 10, 10000000, 10, '', 'giường pio.jpg', 1, 22, '2020-06-15 20:48:41', '2020-06-15 20:48:41'),
(142, 'Giường Pop', 15, 14000000, 0, '', 'giường pop.jpg', 1, 22, '2020-06-15 20:49:26', '2020-06-15 20:49:26'),
(143, 'tủ quần áo hiện đại', 10, 20000000, 5, '', 'tủ áo hiện đại.jpg', 1, 22, '2020-06-15 20:50:00', '2020-06-15 20:50:00'),
(144, 'Tủ quần áo Kiwi', 10, 22000000, 0, '', 'tủ áo kiwi.jpg', 1, 22, '2020-06-15 20:50:31', '2020-06-15 20:50:31'),
(145, 'Tủ quần áo maxine', 10, 23000000, 0, '', 'tủ áo maxine.jpg', 1, 22, '2020-06-15 20:51:04', '2020-06-15 20:51:04'),
(146, 'Bar và đảo bếp Calypso', 4, 50000000, 0, '', 'bar và đảo bếp calypso.jpg', 1, 31, '2020-06-15 20:53:19', '2020-06-24 16:05:39'),
(147, 'Bar và đảo bếp Lovely', 4, 50000000, 10, '', 'bar và đảo bếp lovely.jpg', 1, 31, '2020-06-15 20:54:07', '2020-06-24 16:05:39'),
(148, 'Đảo bếp Classic', 1, 45000000, 0, 'gỗ mít', 'đảo bếp classic.jpg', 1, 31, '2020-06-15 20:54:35', '2020-06-25 02:52:37'),
(149, 'Đảo bếp Sunny', 5, 40000000, 5, '', 'đảo bếp sunny.jpg', 1, 31, '2020-06-15 20:55:09', '2020-06-15 20:55:09'),
(150, 'Đảo bếp Vencine', 4, 35000000, 5, 'Chất liệu gỗ óc chó cao cấp  • Ngăn kéo & kệ mở tiện ích  • Phong cách Á Đông & Việt Nam đương đại', 'đảo bếp venice.jpg', 1, 31, '2020-06-15 20:55:47', '2020-06-24 15:59:17'),
(151, 'Tủ bếp Classic', 5, 55000000, 5, '', 'tủ bếp classic.jpg', 1, 31, '2020-06-15 20:56:23', '2020-06-15 20:56:23'),
(152, 'Tủ bếp Shiny', 3, 50000000, 5, '', 'tủ bếp shiny.jpg', 1, 31, '2020-06-15 20:57:00', '2020-06-15 20:57:00'),
(153, '23', 22, 231, 23, '23', 'bàn ăn 2.jpg', 1, 1, '2020-06-20 17:31:43', '2020-06-27 01:25:00'),
(154, 'tủ giày 1', 20, 1000000, 6, 'abc', 'tủ áo maxine.jpg', 1, 22, '2020-06-21 08:43:08', '2020-06-21 01:43:08'),
(155, 'hihi', 19, 100000, 5, 'abc', 'kệ sách glamour.jpg', 1, 1, '2020-06-26 07:55:22', '2020-06-26 14:56:25');

-- --------------------------------------------------------

--
-- Table structure for table `product_detail`
--

CREATE TABLE `product_detail` (
  `id` int(11) NOT NULL,
  `id_product` int(11) NOT NULL,
  `image_1` varchar(255) NOT NULL,
  `image_2` varchar(255) NOT NULL,
  `image_3` varchar(255) NOT NULL,
  `created_at` timestamp NOT NULL DEFAULT current_timestamp(),
  `updated_at` timestamp NOT NULL DEFAULT current_timestamp()
) ENGINE=InnoDB DEFAULT CHARSET=utf8;

--
-- Dumping data for table `product_detail`
--

INSERT INTO `product_detail` (`id`, `id_product`, `image_1`, `image_2`, `image_3`, `created_at`, `updated_at`) VALUES
(13, 9, 'tranh 1.jpg', 'tranh 1.jpg', 'tranh 1.jpg', '2020-06-20 10:40:28', '2020-06-20 10:40:28'),
(14, 141, 'giường mây.jpg', 'giường miami.jpg', 'giường pop.jpg', '2020-06-21 08:41:27', '2020-06-21 08:41:27'),
(15, 10, 'ban-lam-viec-maxine.jpg', 'ban-lam-viec-touka.jpg', 'ban_lam_viec_sen.jpg', '2020-06-25 21:38:29', '2020-06-25 21:38:29'),
(16, 116, 'bàn làm việc skagen.jpg', 'bàn làm việc pio.jpg', 'ban_lam_viec_sen.jpg', '2020-06-25 21:41:38', '2020-06-25 21:41:38');

-- --------------------------------------------------------

--
-- Table structure for table `rating_star_product`
--

CREATE TABLE `rating_star_product` (
  `id` int(1) NOT NULL,
  `id_customer` int(11) NOT NULL,
  `id_product` int(11) NOT NULL,
  `rating_star` int(11) NOT NULL,
  `content_rating` text NOT NULL,
  `created_at` timestamp NOT NULL DEFAULT current_timestamp(),
  `updated_at` timestamp NOT NULL DEFAULT current_timestamp()
) ENGINE=InnoDB DEFAULT CHARSET=utf8;

--
-- Dumping data for table `rating_star_product`
--

INSERT INTO `rating_star_product` (`id`, `id_customer`, `id_product`, `rating_star`, `content_rating`, `created_at`, `updated_at`) VALUES
(5, 59, 23, 5, 'aaaaaaa', '2020-06-01 02:02:23', '2020-06-01 02:02:23'),
(6, 59, 23, 5, 'no', '2020-06-01 14:13:09', '2020-06-01 14:13:09'),
(7, 59, 23, 4, 'no', '2020-06-01 14:13:34', '2020-06-01 14:13:34'),
(8, 59, 22, 5, 'no', '2020-06-01 14:14:10', '2020-06-01 14:14:10'),
(11, 59, 29, 2, 'test', '2020-06-02 08:15:14', '2020-06-02 08:15:14'),
(12, 59, 29, 5, 'a', '2020-06-02 08:15:59', '2020-06-02 08:15:59'),
(13, 59, 29, 4, 's', '2020-06-02 08:16:09', '2020-06-02 08:16:09'),
(14, 59, 29, 1, 'q', '2020-06-02 08:19:04', '2020-06-02 08:19:04'),
(15, 59, 29, 5, 'q', '2020-06-02 08:21:10', '2020-06-02 08:21:10'),
(16, 59, 13, 5, '123', '2020-06-02 08:34:16', '2020-06-02 08:34:16'),
(17, 59, 29, 4, 'gọi là cúng được', '2020-06-02 09:14:30', '2020-06-02 09:14:30'),
(18, 59, 29, 3, 'ok', '2020-06-02 09:28:22', '2020-06-02 09:28:22'),
(27, 59, 20, 5, 'l', '2020-06-09 02:27:12', '2020-06-09 02:27:12'),
(28, 59, 20, 4, 'a', '2020-06-09 02:28:11', '2020-06-09 02:28:11'),
(29, 59, 20, 3, 'âs', '2020-06-09 02:28:32', '2020-06-09 02:28:32'),
(30, 59, 20, 3, '1', '2020-06-09 02:28:39', '2020-06-09 02:28:39'),
(31, 59, 48, 3, 'hihi', '2020-06-20 03:58:25', '2020-06-20 03:58:25'),
(32, 59, 141, 5, 'sản phẩm rất tốt', '2020-06-21 08:48:17', '2020-06-21 08:48:17'),
(33, 59, 141, 3, 'sản phẩm khá bền', '2020-06-21 08:48:42', '2020-06-21 08:48:42'),
(34, 59, 141, 5, 'good', '2020-06-21 08:49:09', '2020-06-21 08:49:09'),
(35, 59, 116, 5, 'sản phẩm rất tốt', '2020-06-25 21:41:59', '2020-06-25 21:41:59'),
(36, 59, 117, 3, 'sản phẩm cũng tạm được', '2020-06-25 21:51:41', '2020-06-25 21:51:41');

-- --------------------------------------------------------

--
-- Table structure for table `slides`
--

CREATE TABLE `slides` (
  `id` int(11) NOT NULL,
  `name` varchar(255) NOT NULL,
  `image` varchar(255) NOT NULL,
  `status` int(2) NOT NULL,
  `created_at` timestamp NOT NULL DEFAULT current_timestamp(),
  `updated_at` timestamp NOT NULL DEFAULT current_timestamp()
) ENGINE=InnoDB DEFAULT CHARSET=utf8;

--
-- Dumping data for table `slides`
--

INSERT INTO `slides` (`id`, `name`, `image`, `status`, `created_at`, `updated_at`) VALUES
(8, '21', 'thiet-ke-banner-chuyen-nghiep-gia-re-13-1.png', 0, '2020-03-14 08:21:57', '2020-06-09 02:05:51'),
(9, '3', 'banner-phong-khach-hien-dai-may-200331.jpg', 0, '2020-04-01 02:21:11', '2020-06-04 08:59:25'),
(11, 'slide 1', 'A-Ngon-P-Khach-2880x1600.jpg', 1, '2020-06-04 08:58:18', '2020-06-04 08:58:18'),
(12, 'slide 2', 'Slide-Banner-2880x1600.jpg', 1, '2020-06-04 08:58:59', '2020-06-04 08:58:59'),
(13, 'slide 3', 'Slide-Banner-2880x1600-3.jpg', 1, '2020-06-04 08:59:18', '2020-06-04 08:59:18');

--
-- Indexes for dumped tables
--

--
-- Indexes for table `account`
--
ALTER TABLE `account`
  ADD PRIMARY KEY (`id`);

--
-- Indexes for table `categories`
--
ALTER TABLE `categories`
  ADD PRIMARY KEY (`id`);

--
-- Indexes for table `comment`
--
ALTER TABLE `comment`
  ADD PRIMARY KEY (`id`),
  ADD KEY `comment_ibfk_1` (`id_product`),
  ADD KEY `comment_ibfk_2` (`id_customer`);

--
-- Indexes for table `customers`
--
ALTER TABLE `customers`
  ADD PRIMARY KEY (`id`);

--
-- Indexes for table `news`
--
ALTER TABLE `news`
  ADD PRIMARY KEY (`id`);

--
-- Indexes for table `orders`
--
ALTER TABLE `orders`
  ADD PRIMARY KEY (`id`),
  ADD KEY `orders_ibfk_2` (`id_customer`);

--
-- Indexes for table `order_detail1`
--
ALTER TABLE `order_detail1`
  ADD KEY `order_detail1_ibfk_1` (`id_order`),
  ADD KEY `order_detail1_ibfk_2` (`id_product`);

--
-- Indexes for table `products`
--
ALTER TABLE `products`
  ADD PRIMARY KEY (`id`),
  ADD KEY `products_ibfk_1` (`id_category`);

--
-- Indexes for table `product_detail`
--
ALTER TABLE `product_detail`
  ADD PRIMARY KEY (`id`),
  ADD KEY `product_detail_ibfk_1` (`id_product`);

--
-- Indexes for table `rating_star_product`
--
ALTER TABLE `rating_star_product`
  ADD PRIMARY KEY (`id`),
  ADD KEY `rating_star_product_ibfk_1` (`id_product`),
  ADD KEY `rating_star_product_ibfk_2` (`id_customer`);

--
-- Indexes for table `slides`
--
ALTER TABLE `slides`
  ADD PRIMARY KEY (`id`);

--
-- AUTO_INCREMENT for dumped tables
--

--
-- AUTO_INCREMENT for table `account`
--
ALTER TABLE `account`
  MODIFY `id` int(11) NOT NULL AUTO_INCREMENT, AUTO_INCREMENT=24;

--
-- AUTO_INCREMENT for table `categories`
--
ALTER TABLE `categories`
  MODIFY `id` int(11) NOT NULL AUTO_INCREMENT, AUTO_INCREMENT=44;

--
-- AUTO_INCREMENT for table `comment`
--
ALTER TABLE `comment`
  MODIFY `id` int(11) NOT NULL AUTO_INCREMENT, AUTO_INCREMENT=15;

--
-- AUTO_INCREMENT for table `customers`
--
ALTER TABLE `customers`
  MODIFY `id` int(11) NOT NULL AUTO_INCREMENT, AUTO_INCREMENT=65;

--
-- AUTO_INCREMENT for table `news`
--
ALTER TABLE `news`
  MODIFY `id` int(11) NOT NULL AUTO_INCREMENT, AUTO_INCREMENT=19;

--
-- AUTO_INCREMENT for table `orders`
--
ALTER TABLE `orders`
  MODIFY `id` int(11) NOT NULL AUTO_INCREMENT, AUTO_INCREMENT=149;

--
-- AUTO_INCREMENT for table `products`
--
ALTER TABLE `products`
  MODIFY `id` int(11) NOT NULL AUTO_INCREMENT, AUTO_INCREMENT=156;

--
-- AUTO_INCREMENT for table `product_detail`
--
ALTER TABLE `product_detail`
  MODIFY `id` int(11) NOT NULL AUTO_INCREMENT, AUTO_INCREMENT=17;

--
-- AUTO_INCREMENT for table `rating_star_product`
--
ALTER TABLE `rating_star_product`
  MODIFY `id` int(1) NOT NULL AUTO_INCREMENT, AUTO_INCREMENT=37;

--
-- AUTO_INCREMENT for table `slides`
--
ALTER TABLE `slides`
  MODIFY `id` int(11) NOT NULL AUTO_INCREMENT, AUTO_INCREMENT=14;

--
-- Constraints for dumped tables
--

--
-- Constraints for table `comment`
--
ALTER TABLE `comment`
  ADD CONSTRAINT `comment_ibfk_1` FOREIGN KEY (`id_product`) REFERENCES `products` (`id`) ON DELETE CASCADE ON UPDATE CASCADE,
  ADD CONSTRAINT `comment_ibfk_2` FOREIGN KEY (`id_customer`) REFERENCES `customers` (`id`) ON DELETE CASCADE ON UPDATE CASCADE;

--
-- Constraints for table `orders`
--
ALTER TABLE `orders`
  ADD CONSTRAINT `orders_ibfk_2` FOREIGN KEY (`id_customer`) REFERENCES `customers` (`id`);

--
-- Constraints for table `order_detail1`
--
ALTER TABLE `order_detail1`
  ADD CONSTRAINT `order_detail1_ibfk_1` FOREIGN KEY (`id_order`) REFERENCES `orders` (`id`),
  ADD CONSTRAINT `order_detail1_ibfk_2` FOREIGN KEY (`id_product`) REFERENCES `products` (`id`);

--
-- Constraints for table `products`
--
ALTER TABLE `products`
  ADD CONSTRAINT `products_ibfk_1` FOREIGN KEY (`id_category`) REFERENCES `categories` (`id`);

--
-- Constraints for table `product_detail`
--
ALTER TABLE `product_detail`
  ADD CONSTRAINT `product_detail_ibfk_1` FOREIGN KEY (`id_product`) REFERENCES `products` (`id`) ON DELETE CASCADE ON UPDATE CASCADE;

--
-- Constraints for table `rating_star_product`
--
ALTER TABLE `rating_star_product`
  ADD CONSTRAINT `rating_star_product_ibfk_1` FOREIGN KEY (`id_product`) REFERENCES `products` (`id`) ON DELETE CASCADE ON UPDATE CASCADE,
  ADD CONSTRAINT `rating_star_product_ibfk_2` FOREIGN KEY (`id_customer`) REFERENCES `customers` (`id`) ON DELETE CASCADE ON UPDATE CASCADE;
COMMIT;

/*!40101 SET CHARACTER_SET_CLIENT=@OLD_CHARACTER_SET_CLIENT */;
/*!40101 SET CHARACTER_SET_RESULTS=@OLD_CHARACTER_SET_RESULTS */;
/*!40101 SET COLLATION_CONNECTION=@OLD_COLLATION_CONNECTION */;
